{
  "mae_a": 0.22543331942024908,
  "mae_b2": 1.1360775966612313,
  "mae_c2": 1.1222911278782155,
  "mae_b": 2.2258516276406124,
  "mae_c": 2.2255737151664836,
  "mae_d": 2.203098172107114,
  "infer_ms_gp": 0.2626909793001934,
  "infer_ms_nw_desc": 0.039348324525703506,
  "infer_ms_nw": 0.019161446580609073,
  "speedup_desc": 6.67603976704512,
  "speedup_embed": 13.709350084561487,
  "tau_best": 0.05,
  "l_best": 2.0,
  "routing": {
    "0": 0,
    "1": 0,
    "1r": 45,
    "2": 58
  }
}