{
  "mae_a": 0.22543331942024908,
  "mae_b2": 1.1360775966612313,
  "mae_c2": 1.122496290432967,
  "mae_b": 2.1163747006991795,
  "mae_c": 2.1162374899263527,
  "mae_d": 2.2038033400004338,
  "infer_ms_gp": 0.28665320387164367,
  "infer_ms_nw_desc": 0.04198713210022565,
  "infer_ms_nw": 0.019622080534407237,
  "speedup_desc": 6.8271679805943,
  "speedup_embed": 14.608705910109709,
  "tau_best": 0.05,
  "l_best": 2.0,
  "routing": {
    "0": 0,
    "1": 0,
    "1r": 45,
    "2": 58
  }
}