{
  "mae_a": 0.6005719297295479,
  "mae_b2": 1.555380762724465,
  "mae_c2": 1.2634894431055241,
  "mae_b": 2.3380860347273646,
  "mae_c": 2.3090327964274717,
  "mae_d": 2.490235723056008,
  "infer_ms_gp": 0.23114681243896484,
  "infer_ms_nw_desc": 0.03857135772705078,
  "infer_ms_nw": 0.018477439880371094,
  "speedup_desc": 5.992706144146371,
  "speedup_embed": 12.509677419354839,
  "tau_best": 0.1,
  "l_best": 4.0,
  "routing": {
    "0": 0,
    "1": 0,
    "1r": 16,
    "2": 34
  }
}