{
  "hallucination_definition": "H_dist = distributional shift from nearest bank member",
  "scale_law": {
    "configs": [
      {
        "name": "N=400",
        "N": 400,
        "V": 20,
        "d": 20,
        "a": 2.3629558548778764,
        "rc": 1.4875852645903875,
        "R2": 0.9163666521983134,
        "r_vals": [
          0.01,
          0.0364,
          0.0627,
          0.0891,
          0.1155,
          0.1418,
          0.1682,
          0.1945,
          0.2209,
          0.2473,
          0.2736,
          0.3,
          0.35,
          0.4,
          0.45,
          0.5,
          0.55,
          0.6,
          0.65,
          0.7,
          0.75,
          0.8,
          0.85,
          0.9,
          0.95,
          1.0,
          1.125,
          1.25,
          1.375,
          1.5,
          1.625,
          1.75,
          1.875,
          2.0,
          2.125,
          2.25,
          2.375,
          2.5
        ],
        "hal_rates": [
          0.0,
          0.0,
          0.0,
          0.0,
          0.0,
          0.0,
          0.0,
          0.0,
          0.0,
          0.0,
          0.0,
          0.0,
          0.0,
          0.0,
          0.0,
          0.0,
          0.0,
          0.0075,
          0.0175,
          0.04,
          0.0775,
          0.115,
          0.1725,
          0.255,
          0.29,
          0.35,
          0.45,
          0.475,
          0.5725,
          0.595,
          0.655,
          0.6775,
          0.7,
          0.7075,
          0.6875,
          0.7075,
          0.725,
          0.7775
        ]
      },
      {
        "name": "N=800",
        "N": 800,
        "V": 40,
        "d": 20,
        "a": 3.0536974881852466,
        "rc": 1.3160901463651409,
        "R2": 0.9394334817832483,
        "r_vals": [
          0.01,
          0.0364,
          0.0627,
          0.0891,
          0.1155,
          0.1418,
          0.1682,
          0.1945,
          0.2209,
          0.2473,
          0.2736,
          0.3,
          0.35,
          0.4,
          0.45,
          0.5,
          0.55,
          0.6,
          0.65,
          0.7,
          0.75,
          0.8,
          0.85,
          0.9,
          0.95,
          1.0,
          1.125,
          1.25,
          1.375,
          1.5,
          1.625,
          1.75,
          1.875,
          2.0,
          2.125,
          2.25,
          2.375,
          2.5
        ],
        "hal_rates": [
          0.0,
          0.0,
          0.0,
          0.0,
          0.0,
          0.0,
          0.0,
          0.0,
          0.0,
          0.0,
          0.0,
          0.0,
          0.0,
          0.0,
          0.0,
          0.0,
          0.0,
          0.0,
          0.0075,
          0.0325,
          0.06,
          0.1125,
          0.1625,
          0.2675,
          0.3325,
          0.4,
          0.51,
          0.56,
          0.6625,
          0.6725,
          0.695,
          0.745,
          0.7575,
          0.7775,
          0.7875,
          0.82,
          0.825,
          0.84
        ]
      },
      {
        "name": "N=1600",
        "N": 1600,
        "V": 40,
        "d": 40,
        "a": 5.847598257607504,
        "rc": 1.130228256045374,
        "R2": 0.9913685809700971,
        "r_vals": [
          0.01,
          0.0364,
          0.0627,
          0.0891,
          0.1155,
          0.1418,
          0.1682,
          0.1945,
          0.2209,
          0.2473,
          0.2736,
          0.3,
          0.35,
          0.4,
          0.45,
          0.5,
          0.55,
          0.6,
          0.65,
          0.7,
          0.75,
          0.8,
          0.85,
          0.9,
          0.95,
          1.0,
          1.125,
          1.25,
          1.375,
          1.5,
          1.625,
          1.75,
          1.875,
          2.0,
          2.125,
          2.25,
          2.375,
          2.5
        ],
        "hal_rates": [
          0.0,
          0.0,
          0.0,
          0.0,
          0.0,
          0.0,
          0.0,
          0.0,
          0.0,
          0.0,
          0.0,
          0.0,
          0.0,
          0.0,
          0.0,
          0.0,
          0.0,
          0.0,
          0.0025,
          0.015,
          0.0475,
          0.0975,
          0.125,
          0.2225,
          0.29,
          0.405,
          0.5275,
          0.6625,
          0.8125,
          0.8325,
          0.895,
          0.9075,
          0.9025,
          0.9525,
          0.95,
          0.9725,
          0.97,
          0.96
        ]
      },
      {
        "name": "N=3200",
        "N": 3200,
        "V": 80,
        "d": 40,
        "a": 7.015166522973755,
        "rc": 1.1259217736243419,
        "R2": 0.9956462822973273,
        "r_vals": [
          0.01,
          0.0364,
          0.0627,
          0.0891,
          0.1155,
          0.1418,
          0.1682,
          0.1945,
          0.2209,
          0.2473,
          0.2736,
          0.3,
          0.35,
          0.4,
          0.45,
          0.5,
          0.55,
          0.6,
          0.65,
          0.7,
          0.75,
          0.8,
          0.85,
          0.9,
          0.95,
          1.0,
          1.125,
          1.25,
          1.375,
          1.5,
          1.625,
          1.75,
          1.875,
          2.0,
          2.125,
          2.25,
          2.375,
          2.5
        ],
        "hal_rates": [
          0.0,
          0.0,
          0.0,
          0.0,
          0.0,
          0.0,
          0.0,
          0.0,
          0.0,
          0.0,
          0.0,
          0.0,
          0.0,
          0.0,
          0.0,
          0.0,
          0.0,
          0.0,
          0.0,
          0.005,
          0.0125,
          0.03,
          0.0975,
          0.1675,
          0.255,
          0.345,
          0.5425,
          0.705,
          0.81,
          0.8775,
          0.92,
          0.965,
          0.9625,
          0.97,
          0.9775,
          0.985,
          0.99,
          0.99
        ]
      },
      {
        "name": "N=6400",
        "N": 6400,
        "V": 80,
        "d": 80,
        "a": 8.943515769773214,
        "rc": 1.0775224033735322,
        "R2": 0.9966256274281723,
        "r_vals": [
          0.01,
          0.0364,
          0.0627,
          0.0891,
          0.1155,
          0.1418,
          0.1682,
          0.1945,
          0.2209,
          0.2473,
          0.2736,
          0.3,
          0.35,
          0.4,
          0.45,
          0.5,
          0.55,
          0.6,
          0.65,
          0.7,
          0.75,
          0.8,
          0.85,
          0.9,
          0.95,
          1.0,
          1.125,
          1.25,
          1.375,
          1.5,
          1.625,
          1.75,
          1.875,
          2.0,
          2.125,
          2.25,
          2.375,
          2.5
        ],
        "hal_rates": [
          0.0,
          0.0,
          0.0,
          0.0,
          0.0,
          0.0,
          0.0,
          0.0,
          0.0,
          0.0,
          0.0,
          0.0,
          0.0,
          0.0,
          0.0,
          0.0,
          0.0,
          0.0,
          0.0,
          0.0025,
          0.015,
          0.0375,
          0.0775,
          0.1475,
          0.25,
          0.385,
          0.665,
          0.755,
          0.8875,
          0.9375,
          0.96,
          0.9775,
          0.9875,
          0.99,
          0.995,
          0.9925,
          0.9975,
          0.9975
        ]
      },
      {
        "name": "N=12800",
        "N": 12800,
        "V": 160,
        "d": 80,
        "a": 10.343150860352818,
        "rc": 1.0621895053237105,
        "R2": 0.9975742535589543,