{
  "Si(OH)4": {
    "label": "Si(OH)4",
    "N": 9,
    "M": 36,
    "sqrt_M": 6.0,
    "sigma_max": 2.9999999999999987,
    "sigma_min": 0.9847900391044258,
    "kappa": 1.0154448768687854,
    "cond": 3.046334630606355,
    "L_geom_theory_upper_Ha_A": 0.6945642957782492,
    "singular_values": [
      2.9999999999999987,
      2.6651214644456602,
      2.66512146444566,
      2.6651214644456567,
      2.6361999326744985,
      2.315535863383929,
      2.315535863383929,
      2.315535863383929,
      1.48561486704925,
      1.4856148670492493,
      1.485614867049248,
      1.4231039868834205,
      1.423103986883419,
      1.0125339290529893,
      1.0125339290529884,
      1.0125339290529878,
      0.9999999999999999,
      0.9999999999999994,
      0.9847900391044264,
      0.984790039104426,
      0.9847900391044258,
      5.305060925789209e-16,
      3.636367635340225e-16,
      3.1316388681652256e-16,
      2.9324794441938216e-16,
      2.8025345484837875e-16,
      1.3265057710620866e-16
    ]
  },
  "H2O": {
    "label": "H2O",
    "N": 3,
    "M": 3,
    "sqrt_M": 1.7320508075688772,
    "sigma_max": 1.7320508075688774,
    "sigma_min": 0.8656840399654409,
    "kappa": 1.1551558696171886,
    "cond": 2.0007886568383806,
    "L_geom_theory_upper_Ha_A": 0.22808990687957537,
    "singular_values": [
      1.7320508075688774,
      1.5001970347088118,
      0.8656840399654409
    ]
  },
  "Al(OH)4": {
    "label": "Al(OH)4^-",
    "N": 9,
    "M": 36,
    "sqrt_M": 6.0,
    "sigma_max": 2.9999999999999956,
    "sigma_min": 0.9865266592758445,
    "kappa": 1.0136573508657591,
    "cond": 3.040972052597273,
    "L_geom_theory_upper_Ha_A": 0.6933416279921792,
    "singular_values": [
      2.9999999999999956,
      2.663048829100026,
      2.663048829100022,
      2.6630488291000214,
      2.637328473567522,
      2.318197078344003,
      2.3181970783440016,
      2.3181970783439994,
      1.4850305706402256,
      1.4850305706402251,
      1.485030570640225,
      1.4220581075522185,
      1.4220581075522176,
      1.011063430876123,
      1.0110634308761228,
      1.0110634308761224,
      1.0000000000000002,
      1.0000000000000002,
      0.9865266592758447,
      0.9865266592758446,
      0.9865266592758445,
      5.482512085247567e-16,
      3.230786134984264e-16,
      3.150173310302192e-16,
      3.037027409303907e-16,
      3.0122106783529822e-16,
      1.289452623590586e-16
    ]
  }
}