{
  "[A] GP (D3)": {
    "mae": 0.22543331942024908,
    "dim": 72
  },
  "D1:dist(36)": {
    "mae": 0.8994898805466937,
    "dim": 36
  },
  "D2:coulomb(36)": {
    "mae": 0.8175313182559252,
    "dim": 36
  },
  "D3:full(72)": {
    "mae": 1.10516496321103,
    "dim": 72
  },
  "D4:elem_sorted(8)": {
    "mae": 0.4818582924852831,
    "dim": 8
  },
  "D5:moments(18)": {
    "mae": 1.3839003433200172,
    "dim": 9
  },
  "D6:full+context(77)": {
    "mae": 1.3711429524134766,
    "dim": 77
  },
  "[A4] GP (D4)": {
    "mae": 0.10812982295557459,
    "dim": 8
  },
  "[A4+] GP (D4+Coulomb 16dim)": {
    "mae": 0.10903183966807947,
    "dim": 16
  },
  "D4+Coulomb NW(16dim)": {
    "mae": 0.4834081377761009,
    "dim": 16
  },
  "D7:SiO_only(4)": {
    "mae": 1.6735387388666738,
    "dim": 4
  }
}