{
  "N=6  (Sierpinski)": {
    "N": 6,
    "theory_exact": 14.7,
    "theory_approx": 14.213850804768331,
    "sim_mean": 14.6456,
    "sim_std": 6.250248046277843,
    "sim_p5": 7.0,
    "sim_p95": 26.0
  },
  "N=16 (ice Ih)": {
    "N": 16,
    "theory_exact": 54.0916638916639,
    "theory_approx": 53.5968701942365,
    "sim_mean": 53.9786,
    "sim_std": 18.640862159245746,
    "sim_p5": 31.0,
    "sim_p95": 89.0
  },
  "N=18 (cristob.)": {
    "N": 18,
    "theory_exact": 62.91194540753364,
    "theory_approx": 62.41657361033096,
    "sim_mean": 63.0016,
    "sim_std": 21.115236144547378,
    "sim_p5": 36.0,
    "sim_p95": 102.0
  },
  "N=66 (LTA)": {
    "N": 66,
    "theory_exact": 315.1121842599653,
    "theory_approx": 314.613446857144,
    "sim_mean": 313.2912,
    "sim_std": 79.52123994606724,
    "sim_p5": 210.95000000000002,
    "sim_p95": 461.0
  },
  "N=282 (MFI)": {
    "N": 282,
    "theory_exact": 1754.2923159988777,
    "theory_approx": 1753.792611506348,
    "sim_mean": 1766.509,
    "sim_std": 369.33035878329855,
    "sim_p5": 1291.95,
    "sim_p95": 2457.05
  },
  "regression": {
    "slope": 1.007365538906353,
    "intercept": -1.1788913952159419,
    "R2": 0.9999950478266318
  },
  "zipf_test": {
    "N": 66,
    "sim_E_n_sat": 1019.2676,
    "uniform_theory": 315.1121842599653
  }
}