{
  "n_bank": 123,
  "n_correct": 28,
  "accuracy": 0.22764227642276422,
  "A_CALIB": 7.1621353277201525,
  "RC_CALIB": 1.1683302651826195,
  "EPS_STAR": 1.3079534298175608,
  "dmins_correct_mean": 0.8877626714992379,
  "dmins_correct_std": 0.2147357910092967,
  "dmins_hall_mean": 1.1251623488631601,
  "dmins_hall_std": 0.10142012101989366
}