{
  "1D\u683c\u5b50 N=30 (\u57fa\u6e96 h_top=0)": {
    "N": 30,
    "motif_seq_len": 28,
    "vocab_size": 1,
    "pn": {
      "1": 1,
      "2": 1,
      "3": 1,
      "4": 1,
      "5": 1,
      "6": 1,
      "7": 1,
      "8": 1
    },
    "h_top": -3.6142640800467e-27,
    "H_eff": 0.0,
    "expected_phase": 0
  },
  "Sierpinski\u4e09\u89d2\u5f62 gen=4 (Phase 0)": {
    "N": 42,
    "motif_seq_len": 487,
    "vocab_size": 6,
    "pn": {
      "1": 6,
      "2": 25,
      "3": 74,
      "4": 144,
      "5": 209,
      "6": 254,
      "7": 284,
      "8": 297
    },
    "h_top": 1.0619350759329238,
    "H_eff": 0.28954153112901027,
    "expected_phase": 0
  },
  "Vicsek\u30d5\u30e9\u30af\u30bf\u30eb gen=3 (Phase 1)": {
    "N": 125,
    "motif_seq_len": 1666,
    "vocab_size": 18,
    "pn": {
      "1": 18,
      "2": 104,
      "3": 201,
      "4": 286,
      "5": 355,
      "6": 402,
      "7": 437,
      "8": 463
    },
    "h_top": 0.8955774167672683,
    "H_eff": 0.3896335000410136,
    "expected_phase": 1
  },
  "\u30e9\u30f3\u30c0\u30e0\u70b9\u7fa4 N=60 (Phase 3)": {
    "N": 60,
    "motif_seq_len": 3359,
    "vocab_size": 3359,
    "pn": {
      "1": 3359,
      "2": 3358,
      "3": 3357,
      "4": 3356,
      "5": 3355,
      "6": 3354,
      "7": 3353,
      "8": 3352
    },
    "h_top": -0.00029784067330443056,
    "H_eff": 1.0,
    "expected_phase": 3
  }
}