{
  "U8_spectral": {
    "sigma1": 0.3042408268209652,
    "W_F": 1.1187382301558104,
    "effective_rank": 13.52140973409049,
    "L_frob_bound": 0.5593691150779052,
    "L_spec_bound": 1.521204134104826,
    "L_adversarial": 0.012209926309596516,
    "L_natural": 0.010129373645511511,
    "kappa": 0.8296015380166731
  },
  "U9_gap": {
    "k_vals": [
      1,
      2,
      4,
      8,
      16,
      32
    ],
    "kappa_empirical": [
      0.9902287603888033,
      0.9890762016941914,
      1.0200865692212375,
      1.0031781427250481,
      0.9367697293219941,
      0.8316017913128789
    ],
    "kappa_predicted": [
      0.1767766952966369,
      0.25,
      0.3535533905932738,
      0.5,
      0.7071067811865476,
      1.0
    ],
    "gpt2_kappa_effective": 9.5e-05
  },
  "U10_temperature": {
    "betas": [
      0.1,
      0.25,
      0.5,
      1.0,
      2.0,
      5.0,
      10.0
    ],
    "L_by_beta": [
      0.0010396991184056738,
      0.0025991951516283873,
      0.0051981938967519915,
      0.010395445401651665,
      0.02078586989230428,
      0.05190214485164993,
      0.10343234750290119
    ],
    "entropy_by_beta": [
      4.605168265859541,
      4.60515811710287,
      4.605121607618981,
      4.604974851435554,
      4.60439384649155,
      4.60030844178322,
      4.585736012405682
    ],
    "linearity_R2": 0.9999963812520245,
    "L_per_beta": 0.010352427632386162
  },
  "U11_manifold": {
    "sigma1_gpt2_est": 32.13249779209309,
    "L_adv_gpt2_est": 3601.7434165079553,
    "rho_gpt2": 1.378115133084318e-10,
    "k_eff_gpt2": 1.0583924222087562e-07,
    "eps_nat_gpt2": 1.1825363038645287,
    "eps_adv_gpt2": 1.3882166000730043e-05,
    "amplification": 85183.84694451434
  },
  "synthesis": {
    "L_hierarchy_GPT2": {
      "Frobenius_U5": 445.2409,
      "Spectral_U8": 3601.7434165079553,
      "Natural_U9": 0.042282
    },
    "total_gap_U5_to_nat": 10530.0,
    "gap_U5_to_U8": 0.1,
    "gap_U8_to_nat": 85184.0,
    "conclusion": "Hallucination = insufficient ReasonBank density, not large L_LLM"
  }
}