{
  "mae_a": 0.6005719297295479,
  "mae_b": 2.198584957962579,
  "mae_c": 1.8305166054713458,
  "mae_d": 2.3943213416068105,
  "n_ood_b": 36,
  "n_ood_c": 1,
  "n_test": 50
}